distance,best_k,auc_mean,auc_std,f1_mean,f1_std,top1_mean,top1_std,top3_mean,top3_std
cosine,15,0.9636308991300447,0.009784126572409518,0.7630612315839171,0.039002559650721046,0.8055099742599742,0.03338881413174118,0.9435086872586874,0.017139625219155002
euclidean,15,0.9490261113634404,0.011338456590149577,0.7272654915188439,0.035593971726727076,0.759740990990991,0.03611017510926555,0.9184282496782498,0.022906878804101655
